{
    "stars": [
        {
            "x": -6.322563171386719,
            "y": 1.8458659648895264,
            "task": "test"
        },
        {
            "x": -0.740635335445404,
            "y": -0.4532465934753418,
            "task": "test 2"
        },
        {
            "x": 3.068342924118042,
            "y": 1.2167558670043946,
            "task": "task 3"
        }
    ]
}