{
    "stars": [
        {
            "x": -2.135958671569824,
            "y": 0.1680164337158203,
            "task": "",
            "complete": false,
            "connected": false
        }
    ]
}