{
    "starsData": [
        {
            "x": 1.1783006191253663,
            "y": -0.6514024138450623,
            "task": "2",
            "complete": false,
            "connected": false
        },
        {
            "x": -3.39262056350708,
            "y": -0.9004014134407044,
            "task": "1",
            "complete": false,
            "connected": false
        },
        {
            "x": 4.326364517211914,
            "y": -1.7185430526733399,
            "task": "3",
            "complete": false,
            "connected": false
        }
    ]
}