{
    "starsData": [
        {
            "x": -1.1364221572875977,
            "y": -0.39878201484680178,
            "task": "2",
            "complete": false,
            "connected": false
        },
        {
            "x": 1.2603951692581177,
            "y": -0.6963182687759399,
            "task": "3",
            "complete": false,
            "connected": false
        }
    ]
}