{
    "starsData": [
        {
            "x": -3.7950291633605959,
            "y": 0.28902459144592287,
            "task": "",
            "complete": false,
            "connected": false
        },
        {
            "x": -1.0813219547271729,
            "y": -1.7292231321334839,
            "task": "desc",
            "complete": false,
            "connected": false
        }
    ]
}