{
    "starsData": [
        {
            "x": -0.4427873492240906,
            "y": 0.18193590641021729,
            "task": "",
            "complete": false,
            "connected": false
        }
    ]
}